Repository's Location,Branch,File Formats,Ignore Glob List,Ignore standalone config,Ignore Commit List,Ignore Authors List,Shallow Cloning
https://github.com/DuckWillow/ip.git,master,,tutorials/**,,,,
https://github.com/exetr/ip.git,master,,tutorials/**,,,,
https://github.com/MaifengNg/ip.git,master,,tutorials/**,,,,
https://github.com/bernardboey/ip.git,master,,tutorials/**,,,,
https://github.com/Herrekt/ip.git,master,,tutorials/**,,,,
https://github.com/silinche/ip.git,master,,tutorials/**,,,,
https://github.com/peng-217/ip.git,master,,tutorials/**,,,,
https://github.com/arcturusz/ip.git,master,,tutorials/**,,,,
https://github.com/owensoh/ip.git,master,,tutorials/**,,,,
https://github.com/wutdequack/ip.git,master,,tutorials/**,,,,
https://github.com/Kureans/ip.git,master,,tutorials/**,,,,
https://github.com/JoshHDs/ip.git,master,,tutorials/**,,,,
https://github.com/CrimsonTitan79/ip.git,master,,tutorials/**,,,,
https://github.com/andrewtkh1/ip.git,master,,tutorials/**,,,,
https://github.com/thaddyyz/ip.git,master,,tutorials/**,,,,
https://github.com/mohamad-adam8991/ip.git,master,,tutorials/**,,,,
https://github.com/WaiKit-nus/ip.git,master,,tutorials/**,,,,
https://github.com/justinfidelis/ip.git,master,,tutorials/**,,,,
https://github.com/jushg/ip.git,master,,tutorials/**,,,,
https://github.com/vincentlauhl/ip.git,master,,tutorials/**,,,,
https://github.com/maxwireddevs/ip.git,master,,tutorials/**,,,,
https://github.com/EricBryann/ip.git,master,,tutorials/**,,,,
https://github.com/markuslyq/ip.git,master,,tutorials/**,,,,
https://github.com/ShaoYurui/ip.git,master,,tutorials/**,,,,
https://github.com/nguyin/ip.git,master,,tutorials/**,,,,
https://github.com/WU-LUOYU-SERENA/ip.git,master,,tutorials/**,,,,
https://github.com/Isabella-L/ip.git,master,,tutorials/**,,,,
https://github.com/avellinwong01/ip.git,master,,tutorials/**,,,,
https://github.com/ZhangErliCarl/ip.git,master,,tutorials/**,,,,
https://github.com/Yuxinn-J/ip.git,master,,tutorials/**,,,,
https://github.com/oneScotch/ip.git,master,,tutorials/**,,,,
https://github.com/dyahnafisah/ip.git,master,,tutorials/**,,,,
https://github.com/husysg/ip.git,master,,tutorials/**,,,,
https://github.com/Vincent6896/ip.git,master,,tutorials/**,,,,
https://github.com/LilyDaytoy/ip.git,master,,tutorials/**,,,,
https://github.com/Mist0919/ip.git,master,,tutorials/**,,,,
https://github.com/KairuiHu/ip.git,master,,tutorials/**,,,,
https://github.com/ruyian/ip.git,master,,tutorials/**,,,,
https://github.com/LimJiaJing/ip.git,master,,tutorials/**,,,,
https://github.com/Journeyman1998/ip.git,master,,tutorials/**,,,,
https://github.com/mohamedirfansh/ip.git,master,,tutorials/**,,,,
https://github.com/arraysius/ip.git,master,,tutorials/**,,,,
https://github.com/kelvneo/ip.git,master,,tutorials/**,,,,
https://github.com/3m0W33D/ip.git,master,,tutorials/**,,,,
https://github.com/rizemon/ip.git,master,,tutorials/**,,,,
https://github.com/Rrraaaeee/ip.git,master,,tutorials/**,,,,
https://github.com/adricpjw/ip.git,master,,tutorials/**,,,,
https://github.com/Nirmaleshwar/ip.git,master,,tutorials/**,,,,
https://github.com/deonchung/ip.git,master,,tutorials/**,,,,
https://github.com/jiangweichen835/ip.git,master,,tutorials/**,,,,
https://github.com/Cuiminjing/ip.git,master,,tutorials/**,,,,
https://github.com/LS-Young/ip.git,master,,tutorials/**,,,,
https://github.com/EdisonZhong17/ip.git,master,,tutorials/**,,,,
https://github.com/Cesare4869/ip.git,master,,tutorials/**,,,,
https://github.com/Demonshaha/ip.git,master,,tutorials/**,,,,
https://github.com/SuibianP/ip.git,master,,tutorials/**,,,,
https://github.com/Uxinnn/ip.git,master,,tutorials/**,,,,
https://github.com/jerrelllzw/ip.git,master,,tutorials/**,,,,
https://github.com/Woolicious98/ip.git,master,,tutorials/**,,,,
https://github.com/flerovious/ip.git,master,,tutorials/**,,,,
https://github.com/ThaddeusLim99/ip.git,master,,tutorials/**,,,,
https://github.com/jonathanlkw/ip.git,master,,tutorials/**,,,,
https://github.com/ZenoNexus/ip.git,master,,tutorials/**,,,,
https://github.com/YipWayne/ip.git,master,,tutorials/**,,,,
https://github.com/joshualeeky/ip.git,master,,tutorials/**,,,,
https://github.com/YEOWEIHNGWHYELAB/ip.git,master,,tutorials/**,,,,
https://github.com/jyxhazcake/ip.git,master,,tutorials/**,,,,
https://github.com/alvynben/ip.git,master,,tutorials/**,,,,
https://github.com/APZH/ip.git,master,,tutorials/**,,,,
https://github.com/RemusTeo/ip.git,master,,tutorials/**,,,,
https://github.com/leyondlee/ip.git,master,,tutorials/**,,,,
https://github.com/SeenFang/ip.git,master,,tutorials/**,,,,
https://github.com/Teckwhye/ip.git,master,,tutorials/**,,,,
https://github.com/SeanRobertDH/ip.git,master,,tutorials/**,,,,
https://github.com/alvintan01/ip.git,master,,tutorials/**,,,,
https://github.com/marcusbory/ip.git,master,,tutorials/**,,,,
https://github.com/izdiyadfrhn/ip.git,master,,tutorials/**,,,,
https://github.com/ashrafjfr/ip.git,master,,tutorials/**,,,,
https://github.com/ngnigel99/ip.git,master,,tutorials/**,,,,
https://github.com/crabnuggets/ip.git,master,,tutorials/**,,,,
https://github.com/titustortoiseturtle1999/ip.git,master,,tutorials/**,,,,
https://github.com/ChuaXiongWei/ip.git,master,,tutorials/**,,,,
https://github.com/kengjit/ip.git,master,,tutorials/**,,,,
https://github.com/renzocanare/ip.git,master,,tutorials/**,,,,
https://github.com/xRossKoh/ip.git,master,,tutorials/**,,,,
https://github.com/rondayvoo/ip.git,master,,tutorials/**,,,,
https://github.com/jonathanmui4/ip.git,master,,tutorials/**,,,,
https://github.com/STAung07/ip.git,master,,tutorials/**,,,,
https://github.com/edlyIrsyad/ip.git,master,,tutorials/**,,,,
https://github.com/KZQ1999/ip.git,master,,tutorials/**,,,,
https://github.com/leowyy99/ip.git,master,,tutorials/**,,,,
https://github.com/saravanamani1999/ip.git,master,,tutorials/**,,,,
https://github.com/KaiserHuang88/ip.git,master,,tutorials/**,,,,
https://github.com/irvinseet/ip.git,master,,tutorials/**,,,,
https://github.com/ChewyChair/ip.git,master,,tutorials/**,,,,
https://github.com/itsleeqian/ip.git,master,,tutorials/**,,,,
https://github.com/pragyan01/ip.git,master,,tutorials/**,,,,
https://github.com/kahhe/ip.git,master,,tutorials/**,,,,
https://github.com/zh1huang/ip.git,master,,tutorials/**,,,,
https://github.com/yzhedwin/ip.git,master,,tutorials/**,,,,
https://github.com/kum-wh/ip.git,master,,tutorials/**,,,,
https://github.com/jhsee5/ip.git,master,,tutorials/**,,,,
https://github.com/leecheokfeng/ip.git,master,,tutorials/**,,,,
https://github.com/xingjie99/ip.git,master,,tutorials/**,,,,
https://github.com/alwinangys/ip.git,master,,tutorials/**,,,,
https://github.com/Jon-the-MELON/ip.git,master,,tutorials/**,,,,
https://github.com/zonglun99/ip.git,master,,tutorials/**,,,,
https://github.com/yeezao/ip.git,master,,tutorials/**,,,,
https://github.com/MAZJ124/ip.git,master,,tutorials/**,,,,
https://github.com/yanjia1777/ip.git,master,,tutorials/**,,,,
https://github.com/williamljy/ip.git,master,,tutorials/**,,,,
https://github.com/yapjoonsiong/ip.git,master,,tutorials/**,,,,
https://github.com/lixiyuan416/ip.git,master,,tutorials/**,,,,
https://github.com/ng-andre/ip.git,master,,tutorials/**,,,,
https://github.com/DmitriYam/ip.git,master,,tutorials/**,,,,
https://github.com/xingyuan123/ip.git,master,,tutorials/**,,,,
https://github.com/Rakesh12000/ip.git,master,,tutorials/**,,,,
https://github.com/hozhenhong99/ip.git,master,,tutorials/**,,,,
https://github.com/weidak/ip.git,master,,tutorials/**,,,,
https://github.com/jiexiong-zeng/ip.git,master,,tutorials/**,,,,
https://github.com/Roycius/ip.git,master,,tutorials/**,,,,
https://github.com/theodorekwok/ip.git,master,,tutorials/**,,,,
https://github.com/conradwee/ip.git,master,,tutorials/**,,,,
https://github.com/Poopies99/ip.git,master,,tutorials/**,,,,
https://github.com/antrikshv/ip.git,master,,tutorials/**,,,,
https://github.com/xuanlc113/ip.git,master,,tutorials/**,,,,
https://github.com/lezongmun/ip.git,master,,tutorials/**,,,,
https://github.com/gavienwz/ip.git,master,,tutorials/**,,,,
https://github.com/VishalJeyaram/ip.git,master,,tutorials/**,,,,
https://github.com/ianwangeeen/ip.git,master,,tutorials/**,,,,
https://github.com/kyun99/ip.git,master,,tutorials/**,,,,
https://github.com/Dniv-ra/ip.git,master,,tutorials/**,,,,
https://github.com/IshaaanVyas/ip.git,master,,tutorials/**,,,,
https://github.com/KishorKumar11/ip.git,master,,tutorials/**,,,,
https://github.com/200/ip.git,master,,tutorials/**,,,,
https://github.com/shyamgj1900/ip.git,master,,tutorials/**,,,,
https://github.com/shoibloya/ip.git,master,,tutorials/**,,,,
https://github.com/mudkip8/ip.git,master,,tutorials/**,,,,
https://github.com/arvejw/ip.git,master,,tutorials/**,,,,
https://github.com/leeyikai/ip.git,master,,tutorials/**,,,,
https://github.com/xkisxk/ip.git,master,,tutorials/**,,,,
https://github.com/AayushMathur7/ip.git,master,,tutorials/**,,,,
https://github.com/KVignesh122/ip.git,master,,tutorials/**,,,,
https://github.com/ChrisLangton/ip.git,master,,tutorials/**,,,,
https://github.com/DJ-Tan/ip.git,master,,tutorials/**,,,,
https://github.com/datn02/ip.git,master,,tutorials/**,,,,
https://github.com/richwill28/ip.git,master,,tutorials/**,,,,
https://github.com/BryanElmer/ip.git,master,,tutorials/**,,,,
https://github.com/nvbinh15/ip.git,master,,tutorials/**,,,,
https://github.com/tryyang2001/ip.git,master,,tutorials/**,,,,
https://github.com/theeugenechong/ip.git,master,,tutorials/**,,,,
https://github.com/nonrnp/ip.git,master,,tutorials/**,,,,
https://github.com/brendanlsz/ip.git,master,,tutorials/**,,,,
https://github.com/naijie2108/ip.git,master,,tutorials/**,,,,
https://github.com/giterator/ip.git,master,,tutorials/**,,,,
https://github.com/haoyusimon/ip.git,master,,tutorials/**,,,,
https://github.com/yuejunfeng0909/ip.git,master,,tutorials/**,,,,
https://github.com/Xuefei2001/ip.git,master,,tutorials/**,,,,
https://github.com/powzx/ip.git,master,,tutorials/**,,,,
https://github.com/EdwardZYWang/ip.git,master,,tutorials/**,,,,
https://github.com/poppolette/ip.git,master,,tutorials/**,,,,
https://github.com/t-l-xin/ip.git,master,,tutorials/**,,,,
https://github.com/siyuancheng178/ip.git,master,,tutorials/**,,,,
https://github.com/mayankp291/ip.git,master,,tutorials/**,,,,
https://github.com/teoziyiivy/ip.git,master,,tutorials/**,,,,
https://github.com/Yitching/ip.git,master,,tutorials/**,,,,
https://github.com/daknam2001/ip.git,master,,tutorials/**,,,,
https://github.com/aaapppsss/ip.git,master,,tutorials/**,,,,
https://github.com/huien77/ip.git,master,,tutorials/**,,,,
https://github.com/ngoivanessa/ip.git,master,,tutorials/**,,,,
https://github.com/qqkoh/ip.git,master,,tutorials/**,,,,
https://github.com/tttyyzzz/ip.git,master,,tutorials/**,,,,
https://github.com/kairoskoh/ip.git,master,,tutorials/**,,,,
https://github.com/bobowoo2468/ip.git,master,,tutorials/**,,,,
https://github.com/nishantrai-nus/ip.git,master,,tutorials/**,,,,
https://github.com/jach23/ip.git,master,,tutorials/**,,,,
https://github.com/JMattChiam/ip.git,master,,tutorials/**,,,,
https://github.com/fansxx/ip.git,master,,tutorials/**,,,,
https://github.com/uosjapuelks/ip.git,master,,tutorials/**,,,,
https://github.com/rebchua39/ip.git,master,,tutorials/**,,,,
https://github.com/ptejasv/ip.git,master,,tutorials/**,,,,
https://github.com/AnShengLee/ip.git,master,,tutorials/**,,,,
https://github.com/JWweiyin/ip.git,master,,tutorials/**,,,,
https://github.com/swongts/ip.git,master,,tutorials/**,,,,
https://github.com/dlimyh98/ip.git,master,,tutorials/**,,,,
https://github.com/astralum/ip.git,master,,tutorials/**,,,,
https://github.com/tlyi/ip.git,master,,tutorials/**,,,,
https://github.com/rachelkeh/ip.git,master,,tutorials/**,,,,
https://github.com/Alvinlj00/ip.git,master,,tutorials/**,,,,
https://github.com/a-tph/ip.git,master,,tutorials/**,,,,
https://github.com/Kair0s3/ip.git,master,,tutorials/**,,,,
https://github.com/Jiale-Sun/ip.git,master,,tutorials/**,,,,
https://github.com/aditichadha1310/ip.git,master,,tutorials/**,,,,
https://github.com/praj-bellakka/ip.git,master,,tutorials/**,,,,
https://github.com/LouisLouis19/ip.git,master,,tutorials/**,,,,
https://github.com/pos0414/ip.git,master,,tutorials/**,,,,
https://github.com/swatimahadevan/ip.git,master,,tutorials/**,,,,
https://github.com/SvethaMahadevan/ip.git,master,,tutorials/**,,,,
